'13-may-2017', 'Ebola virus disease – Democratic Republic of the Congo', 'On 9 May 2017; WHO was informed of a cluster of undiagnosed illness and deaths including haemorrhagic symptoms in Likati Health Zone; Bas Uele Province in the north of the Democratic Republic of the Congo (DRC); bordering Central African Republic'
'13-may-2017', 'Ebola virus disease – Democratic Republic of the Congo', 'On 9 May 2017; WHO was informed of a cluster of undiagnosed illness and deaths including haemorrhagic symptoms in Likati Health Zone; Bas Uele Province in the north of the Democratic Republic of the Congo (DRC); bordering Central African Republic'
'13-may-2017', 'Ebola virus disease – Democratic Republic of the Congo', 'Since 22 April; nine cases including three deaths have been reported'
'13-may-2017', 'Ebola virus disease – Democratic Republic of the Congo', 'Six cases are currently hospitalized'
'13-may-2017', 'Ebola virus disease – Democratic Republic of the Congo', 'On 11 May 2017; the Ministry of Health (MoH) of DRC informed WHO that of the five samples collected from suspected cases; one tested positive by RT-PCR for Ebola virus subtype Zaire at the Institut National de Recherche Biom\\xc3\\xa9dicale (INRB) in Kinshasa'
'13-may-2017', 'Ebola virus disease – Democratic Republic of the Congo', 'The investigation is currently ongoing and information is available for only three of the suspected cases: The first case (and possibly the index case); a 39-year-old male presented onset of symptoms on 22 April 2017 and deceased on arrival at the health facility'
'13-may-2017', 'Ebola virus disease – Democratic Republic of the Congo', 'Two contacts of this case are being investigated: a person who took care of him during transport to the health care facility (he has since developed similar symptoms) and a moto-taxi driver (deceased) who transported the patient to the health care facility'
'13-may-2017', 'Ebola virus disease – Democratic Republic of the Congo', 'On 20 November 2014; as per WHO recommendations; the MoH of DRC and WHO declared the end of the EVD outbreak that started on 24 August 2014 and resulted in a total of 38 laboratory confirmed cases and 28 probable case including 49 deaths in Boende; Equateur province'
'13-may-2017', 'Ebola virus disease – Democratic Republic of the Congo', '2014:  66 cases of EVD including 49 deaths diagnosed initially in Equateur province (Watsi Kengo; Lokolia; Boende; and Boende Muke)'
'13-may-2017', 'Ebola virus disease – Democratic Republic of the Congo', '2012: 36 cases including 13 deaths Orientale province - Isiro (Bundibugyo virus)'
'13-may-2017', 'Ebola virus disease – Democratic Republic of the Congo', '2008\\xe2\\x80\\x932009: 32 cases including 15 deaths in Kasa\\xc3\\xaf-Occidental (Zaire virus)'
'13-may-2017', 'Ebola virus disease – Democratic Republic of the Congo', '2007: 264 cases including 187 deaths in Kasa\\xc3\\xaf-Occidental (Zaire virus)'
'13-may-2017', 'Ebola virus disease – Democratic Republic of the Congo', '1995: 315 cases and 250 deaths occurred in Kikwit and surrounding area'
'13-may-2017', 'Ebola virus disease – Democratic Republic of the Congo', '1977: 1 case (Zaire virus)'
'13-may-2017', 'Ebola virus disease – Democratic Republic of the Congo', '1976: 318 cases including 280 deaths in Yambuku (Zaire virus)'
'13-may-2017', 'Ebola virus disease – Democratic Republic of the Congo', 'EHF is a febrile haemorrhagic illness which causes death in 25\\xe2\\x80\\x9390% of all cases'
'13-may-2017', 'Ebola virus disease – Democratic Republic of the Congo', 'To date; the outbreak is reported in a remote and hard to reach area and appears to be geographically relatively limited'
'2014_09_10', 'Ebola virus disease – Democratic Republic of Congo', 'Between 2 and 9 September 2014; there have been 31 more cases of Ebola virus disease (EVD) reported in the Democratic Republic of the Congo (DRC); increasing the cumulative number of cases to 62 (14 confirmed; 26 probable; and 22 suspect)'
'2014_09_10', 'Ebola virus disease – Democratic Republic of Congo', 'Between 2 and 9 September 2014; there have been 31 more cases of Ebola virus disease (EVD) reported in the Democratic Republic of the Congo (DRC); increasing the cumulative number of cases to 62 (14 confirmed; 26 probable; and 22 suspect)'
'2014_09_10', 'Ebola virus disease – Democratic Republic of Congo', 'In total; 35 deaths have been reported (9 confirmed and 26 probable)'
'2014_09_10', 'Ebola virus disease – Democratic Republic of Congo', 'No deaths have been reported among suspected cases'
'2014_09_10', 'Ebola virus disease – Democratic Republic of Congo', 'Nine health-care workers have been diagnosed with EVD; including 7 deaths'
'2014_09_10', 'Ebola virus disease – Democratic Republic of Congo', 'All the cases have been localized in Jeera county'
'2014_09_10', 'Ebola virus disease – Democratic Republic of Congo', 'Currently; 9 cases have been hospitalized: 4 in Lokolia; 2 in Watsikengo; 2 in Boende; and 1 in Boende Moke'
'2014_09_10', 'Ebola virus disease – Democratic Republic of Congo', 'All cases and contacts are linked to the initial index case reported to the World Health Organization on 26 August 2014'
'2014_09_10', 'Ebola virus disease – Democratic Republic of Congo', 'Data reported in the Disease Outbreak News are based on official information reported by the Ministry of Health'
'2014_09_10', 'Ebola virus disease – Democratic Republic of Congo', 'WHO does not recommend any travel or trade restrictions be applied except in cases where individuals have been confirmed or are suspected of being infected with EVD or where individuals have had contact with cases of EVD'
'2014_08_28', 'Ebola virus disease update - west Africa', 'Cases of EVD have been reported from the Democratic Republic of Congo'
'2014_08_27', 'Ebola virus disease – Democratic Republic of Congo', 'The index case was a pregnant woman from Ikanamongo Village who butchered a bush animal that had been killed and given to her by her husband'
'2014_08_27', 'Ebola virus disease – Democratic Republic of Congo', 'She became ill with symptoms of EVD and reported to a private clinic in Isaka Village'
'2014_08_27', 'Ebola virus disease – Democratic Republic of Congo', 'Between 28 July and 18 August 2014; a total of 24 suspected cases of haemorrhagic fever; including 13 deaths; have been identified'
'2014_08_27', 'Ebola virus disease – Democratic Republic of Congo', 'Other deaths have been recorded among the relatives who attended the index case; individuals who were in contact with the clinic staff; and those who handled the bodies of the deceased during funerals'
'2014_08_27', 'Ebola virus disease – Democratic Republic of Congo', 'The other 11 cases are currently being treated in isolation centres'
'2014_08_27', 'Ebola virus disease – Democratic Republic of Congo', 'The index case and the 80 contacts have no history of travel to the EVD-affected countries in West Africa (Guinea; Liberia; Nigeria; or Sierra Leone) or history of contact with individuals from the affected areas'
'2014_08_27', 'Ebola virus disease – Democratic Republic of Congo', 'WHO does not recommend any travel or trade restrictions be applied except in cases where individuals have been confirmed or are suspected of being infected with EVD or where individuals have had contact with cases of EVD'
'2012_10_26', 'Ebola outbreak in Democratic Republic of Congo – update', 'As of 24 October 2012; 52 cases (35 laboratory confirmed; 17 probable) with Ebola haemorrhagic fever (EHF) have been reported in the Democratic Republic of Congo (DRC)'
'2012_10_26', 'Ebola outbreak in Democratic Republic of Congo – update', 'As of 24 October 2012; 52 cases (35 laboratory confirmed; 17 probable) with Ebola haemorrhagic fever (EHF) have been reported in the Democratic Republic of Congo (DRC)'
'2012_10_26', 'Ebola outbreak in Democratic Republic of Congo – update', 'The cases are reported from Isiro and Viadana health zones in Haut-U\\xc3\\xa9l\\xc3\\xa9 district in Province Orientale'
'2012_10_26', 'Ebola outbreak in Democratic Republic of Congo – update', 'The Ministry of Health (MoH) continues to work with local health authorities and international partners in active surveillance; tracing of contacts of probable and confirmed cases; infection prevention and control in health care settings; management of patients in health care facilities; logistics; social mobilization; provision of psychosocial support and conducting anthropological analysis to support the control of the outbreak'
'2012_10_08a', 'Ebola outbreak in Democratic Republic of Congo – update', 'As of 7 October 2012; 49 cases (31 laboratory confirmed; 18 probable) with Ebola haemorrhagic fever (EHF) have been reported in the Democratic Republic of Congo (DRC)'
'2012_10_08a', 'Ebola outbreak in Democratic Republic of Congo – update', 'As of 7 October 2012; 49 cases (31 laboratory confirmed; 18 probable) with Ebola haemorrhagic fever (EHF) have been reported in the Democratic Republic of Congo (DRC)'
'2012_10_08a', 'Ebola outbreak in Democratic Republic of Congo – update', 'The cases reported are from Isiro and Viadana health zones in Haut-U\\xc3\\xa9l\\xc3\\xa9 district in Province Orientale'
'2012_10_08a', 'Ebola outbreak in Democratic Republic of Congo – update', 'Response operations continue in the areas of coordination; Infection Prevention and Control (IPC); surveillance and epidemiology; case management; public information and social mobilization; psychosocial support; anthropological analysis; and logistics'
'2012_10_08a', 'Ebola outbreak in Democratic Republic of Congo – update', 'Ongoing activities in Isiro and neighbouring areas include: training of health care workers on IPC in health care facilities; provision of support on case management; strengthening surveillance; working with traditional healers in raising awareness about EHF; providing psychosocial support to affected families; and conducting outreach to schools'
'2012_10_08a', 'Ebola outbreak in Democratic Republic of Congo – update', 'Transmission to healthcare workers has been reported when appropriate infection control measures have not been observed'
'2012_09_27', 'Ebola outbreak in Democratic Republic of Congo – update', 'As of 24 September 2012; 51 cases (19 laboratory confirmed; 32 probable) with Ebola haemorrhagic fever (EHF) have been reported in the Democratic Republic of Congo (DRC)'
'2012_09_27', 'Ebola outbreak in Democratic Republic of Congo – update', 'As of 24 September 2012; 51 cases (19 laboratory confirmed; 32 probable) with Ebola haemorrhagic fever (EHF) have been reported in the Democratic Republic of Congo (DRC)'
'2012_09_27', 'Ebola outbreak in Democratic Republic of Congo – update', 'The cases reported are from Isiro and Viadana health zones in Haut-U\\xc3\\xa9l\\xc3\\xa9 district in Province Orientale'
'2012_09_27', 'Ebola outbreak in Democratic Republic of Congo – update', 'To date; 28 suspected cases have been reported and are being investigated'
'2012_09_27', 'Ebola outbreak in Democratic Republic of Congo – update', 'Response operations continue in the areas of: coordination; Infection Prevention and Control (IPC); surveillance and epidemiology; case management; public information and social mobilization; psycho social support; anthropological analysis; and logistics'
'2012_09_27', 'Ebola outbreak in Democratic Republic of Congo – update', 'Current activities include: training for health managers and heads of clinic services to strengthen surveillance; outreach to schools through principals; teachers and students; psychosocial support to affected families; particularly in Isiro and surrounding areas; where the latest cases are being detected; and to health care workers;  training of social workers who are providing support in the Ebola treatment rooms; and  interpersonal communication skills training for front-line staff'
'2012_09_27', 'Ebola outbreak in Democratic Republic of Congo – update', 'Transmission to healthcare workers has been reported when appropriate infection control measures have not been observed'
'2012_09_18', 'Ebola outbreak in Democratic Republic of Congo – update', 'As of 15 September 2012; 46 cases (14 laboratory confirmed; 32 probable) with Ebola haemorrhagic fever (EHF) have been reported in the Democratic Republic of Congo (DRC)'
'2012_09_18', 'Ebola outbreak in Democratic Republic of Congo – update', 'As of 15 September 2012; 46 cases (14 laboratory confirmed; 32 probable) with Ebola haemorrhagic fever (EHF) have been reported in the Democratic Republic of Congo (DRC)'
'2012_09_18', 'Ebola outbreak in Democratic Republic of Congo – update', 'The cases reported are from two health zones of Isiro and Viadana in Haut-U\\xc3\\xa9l\\xc3\\xa9 district in Province Orientale'
'2012_09_18', 'Ebola outbreak in Democratic Republic of Congo – update', 'Additionally; 26 suspected cases have been reported and are being investigated'
'2012_09_18', 'Ebola outbreak in Democratic Republic of Congo – update', 'EHF is a febrile haemorrhagic illness which causes death in 25-90% of all cases'
'2012_09_18', 'Ebola outbreak in Democratic Republic of Congo – update', 'The Ebola Reston species; found in the Philippines; can infect humans; but no illness or death in humans has been reported to date'
'2012_09_14', 'Ebola outbreak in Democratic Republic of Congo – update', 'Retrospective epidemiological investigation recently identified additional confirmed and probable cases with Ebola haemorrhagic fever (EHF) in the Democratic Republic of Congo (DRC); according to the Ministry of Health (MoH)'
'2012_09_14', 'Ebola outbreak in Democratic Republic of Congo – update', 'Retrospective epidemiological investigation recently identified additional confirmed and probable cases with Ebola haemorrhagic fever (EHF) in the Democratic Republic of Congo (DRC); according to the Ministry of Health (MoH)'
'2012_09_14', 'Ebola outbreak in Democratic Republic of Congo – update', 'As of 12 September 2012; 41 cases (9 laboratory confirmed; and 32 probable)  have been reported from Haut-U\\xc3\\xa9l\\xc3\\xa9 district in Province Orientale'
'2012_09_14', 'Ebola outbreak in Democratic Republic of Congo – update', 'Of these cases; 18 have been fatal'
'2012_09_14', 'Ebola outbreak in Democratic Republic of Congo – update', ' 18 healthcare workers are included among the probable cases'
'2012_09_14', 'Ebola outbreak in Democratic Republic of Congo – update', '28 suspected cases have also been reported and are being investigated'
'2012_09_14', 'Ebola outbreak in Democratic Republic of Congo – update', 'Since the last update; an additional 27 cases (1 laboratory confirmed and 26 probable) of EHF were identified through retrospective epidemiological investigation in the two health zones of Isiro and Viadana'
'2012_09_14', 'Ebola outbreak in Democratic Republic of Congo – update', ' The retrospective epidemiological investigation was done to identify cases of illness which might have been EHF between the end of April 2012 and August 2012; and thus help clarify the possible origins of the outbreak and provide additional information on chains of transmission'
'2012_09_14', 'Ebola outbreak in Democratic Republic of Congo – update', 'EHF is a febrile haemorrhagic illness which causes death in 25-90% of all cases'
'2012_09_14', 'Ebola outbreak in Democratic Republic of Congo – update', 'The Ebola Reston species; found in the Philippines; can infect humans; but no illness or death in humans has been reported to date'
'2012_09_05', 'Ebola outbreak in Democratic Republic of Congo – update', 'As of 3 September 2012; a total of 28 (eight confirmed; six probable; and 14 suspected) cases including 14 deaths had been reported from Haut-U\\xc3\\xa9l\\xc3\\xa9 district in Province Orientale'
'2012_09_05', 'Ebola outbreak in Democratic Republic of Congo – update', 'The reported cases and deaths have occurred in two health zones \\xe2\\x80\\x93 18 cases; including 11 deaths in Isiro and 10 cases; including three deaths in Viadana'
'2012_09_05', 'Ebola outbreak in Democratic Republic of Congo – update', 'The fatal cases in Isiro include three health-care workers'
'2012_09_05', 'Ebola outbreak in Democratic Republic of Congo – update', 'All alerts have been investigated and so far Ebola has not been reported from outside Isiro and Viadana health zones'
'2012_09_05', 'Ebola outbreak in Democratic Republic of Congo – update', 'Control activities that are being carried out include active case finding and contact tracing; enhanced surveillance; case management; public information and social mobilization and reinforcing infection control practices'
'2012_09_05', 'Ebola outbreak in Democratic Republic of Congo – update', 'EHF is a febrile haemorrhagic illness which causes death in 25-90% of all cases'
'2012_09_05', 'Ebola outbreak in Democratic Republic of Congo – update', 'The Ebola Reston species; found in the Philippines; can infect humans; but no illness or death in humans has been reported to date'
'2012_08_30', 'Ebola outbreak in Democratic Republic of Congo - update', 'As of 28 August 2012; a total of 24 (6 probable; 6 confirmed and 12 suspected) cases and 11 deaths had been reported from Province Orientale'
'2012_08_30', 'Ebola outbreak in Democratic Republic of Congo - update', 'The reported cases and deaths occurred in 3 health zones as follows: 17 cases and 9 deaths in Isiro; 6 cases and 2 deaths in Viadana; 1 case and 0 death  in Dungu'
'2012_08_30', 'Ebola outbreak in Democratic Republic of Congo - update', 'The fatal cases in Isiro include three health-care workers'
'2012_08_30', 'Ebola outbreak in Democratic Republic of Congo - update', '  All alerts have been investigated and so far there has been no Ebola suspected or confirmed case reported from outside Province Orientale'
'2012_08_30', 'Ebola outbreak in Democratic Republic of Congo - update', 'US Centers for Disease Control and Prevention (CDC) has established a field laboratory in Isiro to support case management and epidemiological investigations'
'2012_08_30', 'Ebola outbreak in Democratic Republic of Congo - update', 'A joint MoH; WHO and MSF emergency response team is in the field to conduct a detailed epidemiological investigation and case management'
'2012_08_30', 'Ebola outbreak in Democratic Republic of Congo - update', 'Control activities that are being carried out include active case finding and contact tracing; enhanced surveillance; case management; public information and social mobilization and reinforcing infection control practices'
'2012_08_30', 'Ebola outbreak in Democratic Republic of Congo - update', ' EHF is a febrile haemorrhagic illness which causes death in 25-90% of all cases'
'2012_08_30', 'Ebola outbreak in Democratic Republic of Congo - update', 'The Ebola Reston species; found in the Philippines; can infect humans; but no illness or death in humans has been reported to date'
'2012_08_21', 'Ebola outbreak in Democratic Republic of Congo - update', 'As of 20 August 2012; a total of 15 (13 probable and 2 confirmed) cases with 10 deaths have been reported in Province Orientale in Eastern DRC'
'2012_08_21', 'Ebola outbreak in Democratic Republic of Congo - update', 'The reported cases and deaths have occurred in 3 health zones as follows: 12 cases and 8 deaths in Isiro; including three (3) health care workers who have died; 2 cases and 1 death in Pawa; and 1 fatal case in Dungu'
'2012_08_21', 'Ebola outbreak in Democratic Republic of Congo - update', 'A joint MoH; WHO and MSF emergency response team is in the field to conduct a detailed epidemiological investigation and support case management'
'2012_08_21', 'Ebola outbreak in Democratic Republic of Congo - update', 'Control activities that are being carried out include active case finding and contact tracing; enhanced surveillance; case management; public information and social mobilization; and reinforcing infection control practices'
'2012_08_21', 'Ebola outbreak in Democratic Republic of Congo - update', 'WHO is supporting the Ministry of Health in the areas of coordination; surveillance; field epidemiology; laboratory; case management; outbreak logistics; public information and social mobilization'
'2012_08_18', 'Ebola outbreak in Democratic Republic of Congo', 'A total of 10 suspected cases (9 in Isiro and 1 in Dungu) and 6 deaths (5 deaths in Isiro  and 1 in Dungu) have been reported'
'2012_08_18', 'Ebola outbreak in Democratic Republic of Congo', ' A joint MoH; WHO and MSF emergency response team are in the field to conduct a detailed epidemiological investigation and case management'
'2012_08_18', 'Ebola outbreak in Democratic Republic of Congo', 'WHO is supporting the Ministry of Health in the areas of coordination; surveillance; epidemiology; laboratory; case management; logistics for outbreak; public information and social mobilization'
'2012_08_18', 'Ebola outbreak in Democratic Republic of Congo', 'Control activities that are being carried include active case finding and contact tracing; enhanced surveillance; case management; public information and social mobilization and reinforcing infection control practices'
'2009_02_17', 'End of Ebola outbreak in the Democratic Republic of the Congo', 'As of today; the health authorities  have reported a total of 32 cases; including 15 deaths from Ebola'
'2009_02_17', 'End of Ebola outbreak in the Democratic Republic of the Congo', 'These 32 cases include confirmed; probable and suspect cases'
'2009_01_02', 'Ebola haemorrhagic fever in the Democratic Republic of the            Congo - update', 'As of 31st December there has been a total of 3 laboratory-confirmed cases of Ebola haemorrhagic fever'
'2009_01_02', 'Ebola haemorrhagic fever in the Democratic Republic of the            Congo - update', 'WHO is aware of  36 additional suspected cases  including 12 deaths  associated with this outbreak'
'2008_12_26a', 'Ebola haemorrhagic fever in the Democratic Republic of the Congo', 'As of 26 December; WHO is aware of 34 suspected cases including 9 deaths (CFR 26%) associated with the ongoing event'
'2007_10_03a', 'Ebola haemorrhagic fever in the Democratic Republic of the Congo - update 4', 'The Ministry of Health has confirmed that; as of 2 October 2007; a total of 25 out of 76 suspected cases of Ebola haemorrhagic fever from the province of Kasai Occidental have now tested positive for the disease'
'2007_10_03a', 'Ebola haemorrhagic fever in the Democratic Republic of the Congo - update 4', 'Although there is now strong clinical and epidemiological evidence to suggest that the outbreak is slowing; identifying and isolating all suspect cases is still a priority for the response teams to ensure that the chains of transmission are broken'
'2007_10_03a', 'Ebola haemorrhagic fever in the Democratic Republic of the Congo - update 4', 'Two consecutive incubation periods must elapse; a total of 42 days following the identification and isolation of the last confirmed case; before the outbreak is considered controlled'
'2007_09_27', 'Ebola haemorrhagic fever in the Democratic Republic of the Congo - update 3', ' type 1'
'2007_09_27', 'Ebola haemorrhagic fever in the Democratic Republic of the Congo - update 3', 'The last confirmed case of Ebola died on 22 September in Kampungu MSF isolation ward and was buried safely'
'2007_09_27', 'Ebola haemorrhagic fever in the Democratic Republic of the Congo - update 3', 'Mobile laboratories; installed by specialists from the Centers for Disease Control and Prevention in the United States and the National Public Health Agency of Canada in two of the affected villages are enabling the teams on the ground to conduct rapid and precise diagnosis of new suspected Ebola cases within two to six hours'
'2007_09_27', 'Ebola haemorrhagic fever in the Democratic Republic of the Congo - update 3', 'Teams on the ground are focusing on breaking the chain of transmission and are continuing to monitor additional suspected cases in isolation facilities and to trace contacts'
'2007_09_27', 'Ebola haemorrhagic fever in the Democratic Republic of the Congo - update 3', 'Information and training material on infection control is being prepared and disseminated to provincial health authorities across the country in case additional cases are identified beyond the currently affected area'
'2007_09_20', 'Ebola haemorrhagic fever in the Democratic Republic of the Congo - update 2', 'Active surveillance is under way to investigate recent deaths in the affected communities; to identify other suspected cases and to follow-up on all contacts'
'2007_09_20', 'Ebola haemorrhagic fever in the Democratic Republic of the Congo - update 2', ' type 1'
'2007_09_13', 'Ebola haemorrhagic fever in the Democratic Republic of the Congo - update', 'Following the confirmed laboratory diagnosis of the presence of the Ebola haemorrhagic fever virus in samples taken from cases in the province of Kasai Occidental of the Democratic Republic of the Congo; WHO is currently upgrading its field operations to support the Ministry of Health in managing and containing the outbreak'
'2007_09_13', 'Ebola haemorrhagic fever in the Democratic Republic of the Congo - update', 'Following the confirmed laboratory diagnosis of the presence of the Ebola haemorrhagic fever virus in samples taken from cases in the province of Kasai Occidental of the Democratic Republic of the Congo; WHO is currently upgrading its field operations to support the Ministry of Health in managing and containing the outbreak'
'2007_09_13', 'Ebola haemorrhagic fever in the Democratic Republic of the Congo - update', 'Ongoing surveillance and case finding is also being enhanced and social mobilization activities are under-way to provide the local population with all relevant information in order to contain the outbreak'
'2007_09_11', 'Ebola haemorrhagic fever in the Democratic Republic of the Congo', 'Laboratory analysis undertaken at the Centre International de Recherches M\\xc3\\xa9dicales de Franceville (CIRMF); Gabon; and at the Centres for Disease Control and Prevention (CDC); Atlanta; USA has confirmed the presence of Ebola virus in samples taken from cases associated with the outbreak'
'2007_09_11', 'Ebola haemorrhagic fever in the Democratic Republic of the Congo', 'Laboratory tests conducted by Institut National de Recherches Biologiques (INRB) in Kinshasa on urine and blood samples collected from suspected cases; have also confirmed the presence of Shigella dysenteriae type 1; further complicating operations while case definitions and clinical descriptions; particularly in response to rehydration and antibiotic treatment; support a possible concurrent outbreak of another etiology'
'2007_09_11', 'Ebola haemorrhagic fever in the Democratic Republic of the Congo', 'As of 11 September 2007; WHO is aware of 372 cases and 166 deaths associated with the ongoing event in the province'
'2007_09_11', 'Ebola haemorrhagic fever in the Democratic Republic of the Congo', 'A request for additional support has been sent to the Global Outbreak Alert and Response Network in the areas of clinical case management and infection control; surveillance and field epidemiology; risk communications and social mobilization; and outbreak response logistics'
'2005_06_16', 'Ebola haemorrhagic fever in the Republic of the Congo - update 2', 'From 25 April to 16 June 2005;  a total of 12 cases (1 laboratory-confirmed and 11 epidemiologically linked) including 9 deaths has been reported in Etoumbi and Mbomo in Cuvette Ouest Region'
'2005_06_16', 'Ebola haemorrhagic fever in the Republic of the Congo - update 2', 'The last reported death occurred on 26 May'
'2005_06_16', 'Ebola haemorrhagic fever in the Republic of the Congo - update 2', 'Eleven contacts of this last reported death have been followed until today for 21 days; the maximum incubation period'
'2005_05_25', 'Ebola haemorrhagic fever in the Republic of the Congo - update', 'As of 24 May; a total of 12 cases (1 laboratory-confirmed and 11 epidemiologically linked) including 9 deaths has been reported in Etoumbi and Mbomo in Cuvette Ouest Region'
'2005_05_25', 'Ebola haemorrhagic fever in the Republic of the Congo - update'," 'The additional case (<a href=""http://www'"
'2005_05_18', 'Ebola haemorrhagic fever in the Republic of the Congo'," 'As of 17 May; a total of 11 cases (1 laboratory-confirmed and 10 epidemiologically linked) including 9 deaths has been reported in Etoumbi and Mbomo in Cuvette Ouest Region (<a href=""http://www'"
'2004_01_06', 'Ebola haemorrhagic fever in the Republic of the Congo - update 6', 'As of 24 December; 2003; the Ministry of Health of the Republic of the Congo reported a total of 35 cases including 29 deaths of Ebola haemorrhagic fever (EHF) in Mbomo (31 cases; 25 deaths) and Mbandza (4 cases; 4 deaths) villages located in Mbomo district; Cuvette Ouest Department'
'2004_01_06', 'Ebola haemorrhagic fever in the Republic of the Congo - update 6', 'As of 24 December; 2003; the Ministry of Health of the Republic of the Congo reported a total of 35 cases including 29 deaths of Ebola haemorrhagic fever (EHF) in Mbomo (31 cases; 25 deaths) and Mbandza (4 cases; 4 deaths) villages located in Mbomo district; Cuvette Ouest Department'
'2004_01_06', 'Ebola haemorrhagic fever in the Republic of the Congo - update 6', 'The last death was reported on 3 December and no further cases have been reported since then'
'2003_12_12', 'Ebola haemorrhagic fever in the Republic of the Congo - update 5'," '\\nAs of 11 December; the Ministry of Health of the Republic of the Congo has reported a total of 31 probable cases; including 29 deaths; of Ebola haemorrhagic fever (EHF) in Mbomo District; Cuvette Ouest Department (<a href=""http://www'"
'2003_12_12', 'Ebola haemorrhagic fever in the Republic of the Congo - update 5'," '\\nAs of 11 December; the Ministry of Health of the Republic of the Congo has reported a total of 31 probable cases; including 29 deaths; of Ebola haemorrhagic fever (EHF) in Mbomo District; Cuvette Ouest Department (<a href=""http://www'"
'2003_12_12', 'Ebola haemorrhagic fever in the Republic of the Congo - update 5', 'Other suspect cases are still under investigation'
'2003_12_03', 'Ebola haemorrhagic fever in the Republic of the Congo - Update 4'," 'As of 2 December 2003; the Ministry of Health of the Republic of the Congo has reported a total of 47 cases; including 28 deaths; of Ebola haemorrhagic fever (EHF) in Mbomo District; Cuvette Ouest Department (<a href=""http://www'"
'2003_12_03', 'Ebola haemorrhagic fever in the Republic of the Congo - Update 4'," 'As of 2 December 2003; the Ministry of Health of the Republic of the Congo has reported a total of 47 cases; including 28 deaths; of Ebola haemorrhagic fever (EHF) in Mbomo District; Cuvette Ouest Department (<a href=""http://www'"
'2003_11_25a', 'Ebola haemorrhagic fever in the Republic of the Congo - Update 3'," 'As of 24 November 2003; the Ministry of Health of the Republic of the Congo has reported a total of 36 cases; including 18 deaths; of Ebola haemorrhagic fever (EHF) in Mbomo (33 cases; 15 deaths) and Mbandza (3 cases; 3 deaths); villages located in Mbomo district; Cuvette Ouest Department (<a href=""http://www'"
'2003_11_25a', 'Ebola haemorrhagic fever in the Republic of the Congo - Update 3'," 'As of 24 November 2003; the Ministry of Health of the Republic of the Congo has reported a total of 36 cases; including 18 deaths; of Ebola haemorrhagic fever (EHF) in Mbomo (33 cases; 15 deaths) and Mbandza (3 cases; 3 deaths); villages located in Mbomo district; Cuvette Ouest Department (<a href=""http://www'"
'2003_11_21', 'Ebola haemorrhagic fever in the Republic of the Congo - Update 2', 'As of 21 November; 2003 the Ministry of Health of the Republic of the Congo has reported a total of 24 cases; including 12 deaths; of Ebola haemorrhagic fever (EHF) in Mbomo (19 cases; nine deaths) and Mbandza (five cases; three deaths) villages located in Mbomo district; Cuvette Ouest Department'
'2003_11_21', 'Ebola haemorrhagic fever in the Republic of the Congo - Update 2', 'As of 21 November; 2003 the Ministry of Health of the Republic of the Congo has reported a total of 24 cases; including 12 deaths; of Ebola haemorrhagic fever (EHF) in Mbomo (19 cases; nine deaths) and Mbandza (five cases; three deaths) villages located in Mbomo district; Cuvette Ouest Department'
'2003_11_21', 'Ebola haemorrhagic fever in the Republic of the Congo - Update 2', 'Thirteen new cases (including one death) have been reported since 17 November; 2003'
'2003_11_21', 'Ebola haemorrhagic fever in the Republic of the Congo - Update 2', 'Twelve cases are currently ill at Mbomo (10) and Mbandza (2)'
'2003_11_21', 'Ebola haemorrhagic fever in the Republic of the Congo - Update 2', 'They are supporting case management; monitoring the situation and carrying out social mobilization activities with communities in the region'
'2003_11_17', 'Ebola haemorrhagic fever in the Republic of the Congo - Update'," 'As of 17 November; the Ministry of Health of the Republic of the Congo has reported 11 cases (1 laboratory-confirmed and 10 epidemiologically linked) including 11 deaths in Mbomo district in Cuvette Ouest D\\xc3\\xa9partement (<a href=""http://www'"
'2003_11_17', 'Ebola haemorrhagic fever in the Republic of the Congo - Update'," 'As of 17 November; the Ministry of Health of the Republic of the Congo has reported 11 cases (1 laboratory-confirmed and 10 epidemiologically linked) including 11 deaths in Mbomo district in Cuvette Ouest D\\xc3\\xa9partement (<a href=""http://www'"
'2003_05_07', 'Ebola haemorrhagic fever in the Republic of the Congo - Update 12', ' )'
'2003_05_07', 'Ebola haemorrhagic fever in the Republic of the Congo - Update 12', 'Thirteen of the cases are laboratory confirmed and 130 are epidemiologically linked'
'2003_05_07', 'Ebola haemorrhagic fever in the Republic of the Congo - Update 12', '\\nThe two most recent deaths reported ocurred on the 22 April; one in the remote village of Ndjoukou (in K\\xc3\\xa9ll\\xc3\\xa9 district) and the other in a forest camp near K\\xc3\\xa9ll\\xc3\\xa9 town'
'2003_05_07', 'Ebola haemorrhagic fever in the Republic of the Congo - Update 12', '\\nThe Ministry of Health and the Congolese Red Cross are continuing their activities (social mobilization; surveillance and case management) in the affected areas'
'2003_05_07', 'Ebola haemorrhagic fever in the Republic of the Congo - Update 12', '\\nThe Ministry of Health and the Congolese Red Cross are continuing their activities (social mobilization; surveillance and case management) in the affected areas'
'2003_04_14', 'Ebola haemorrhagic fever in the Republic of the Congo - Update 11', '\\nAs of 14 April 2003; the Ministry of Health has reported 140 cases; including 123 deaths; in the districts of Mbomo and K\\xc3\\xa9ll\\xc3\\xa9 in Cuvette Ouest D\\xc3\\xa9partement'
'2003_04_14', 'Ebola haemorrhagic fever in the Republic of the Congo - Update 11', 'Thirteen of the cases are laboratory confirmed and 127 are epidemiologically linked'
'2003_04_14', 'Ebola haemorrhagic fever in the Republic of the Congo - Update 11', 'The most recent nine reported cases lived in the same remote village of Ndjoukou (in K\\xc3\\xa9ll\\xc3\\xa9 district) and occurred within the last 2 weeks'
'2003_04_14', 'Ebola haemorrhagic fever in the Republic of the Congo - Update 11', 'Contact follow-up in the towns of Mbomo and K\\xc3\\xa9ll\\xc3\\xa9 is no longer being carried out as the last cases were reported on 15 and 23 March respectively'
'2003_04_14', 'Ebola haemorrhagic fever in the Republic of the Congo - Update 11', 'The Ministry of Health; the Congolese Red Cross and the international team; including WHO and the International Federation of Red Cross and Red Crescent Societies(IFRC) continue to assist in social mobilization; surveillance and case management activities'
'2003_04_14', 'Ebola haemorrhagic fever in the Republic of the Congo - Update 11', 'The Ministry of Health; the Congolese Red Cross and the international team; including WHO and the International Federation of Red Cross and Red Crescent Societies(IFRC) continue to assist in social mobilization; surveillance and case management activities'
'2003_04_02c', 'Ebola haemorrhagic fever in the Republic of the Congo - Update 10', ')'
'2003_04_02c', 'Ebola haemorrhagic fever in the Republic of the Congo - Update 10', 'The Ministry of Health; WHO; the Red Cross and the international team continue to assist with social mobilization; surveillance and case management activities'
'2003_03_24a', 'Ebola haemorrhagic fever in the Republic of the Congo - Update 9', 'see previous report)'
'2003_03_14', 'Ebola haemorrhagic fever in the Republic of the Congo - Update 8'," 'As of 14 March 2003; the Ministry of Health of the Republic of the Congo has reported 118 cases; (13 laboratory-confirmed and 105 epidemiologically linked); including 106 deaths in the districts of Mbomo and Kell\\xc3\\xa9 in Cuvette Ouest D\\xc3\\xa9partement ( <a href=""http://www'"
'2003_03_14', 'Ebola haemorrhagic fever in the Republic of the Congo - Update 8'," 'As of 14 March 2003; the Ministry of Health of the Republic of the Congo has reported 118 cases; (13 laboratory-confirmed and 105 epidemiologically linked); including 106 deaths in the districts of Mbomo and Kell\\xc3\\xa9 in Cuvette Ouest D\\xc3\\xa9partement ( <a href=""http://www'"
'2003_03_14', 'Ebola haemorrhagic fever in the Republic of the Congo - Update 8', 'The national Red Cross Society is assisting with social mobilization; surveillance and case management activities'
'2003_03_7', 'Ebola haemorrhagic fever in the Republic of the Congo - Update 7', ')'
'2003_02_28', 'Ebola haemorrhagic fever in the Republic of the Congo - Update 6', ')'
'2003_02_28', 'Ebola haemorrhagic fever in the Republic of the Congo - Update 6', ' are training local health workers in clinical management of the disease; carrying out active case finding and contact tracing; and providing protective clothing and essential medical equipment'
'2003_02_26', 'Ebola haemorrhagic fever in the Republic of the Congo - Update 5', ' )'
'2003_02_18', 'Ebola haemorrhagic fever in the Republic of the Congo - Update 4', ')'
'2001_12_31', '2001 - Ebola haemorrhagic fever in Gabon/The Republic of the Congo - Update 10', 'As of 30 December; 30 confirmed cases (14 laboratory and 16\\nepidemiologically linked); including 22 deaths; have been reported'
'2001_12_31', '2001 - Ebola haemorrhagic fever in Gabon/The Republic of the Congo - Update 10', 'An additional 5\\nsuspected cases are under investigation in Gabon'
'2001_12_31', '2001 - Ebola haemorrhagic fever in Gabon/The Republic of the Congo - Update 10', 'All contacts (having direct or suspected\\ncontact with the blood or other body fluids of a case) are being closely monitored for\\nsigns or symptoms of Ebola haemorrhagic fever for 21 days'
'2001_12_31', '2001 - Ebola haemorrhagic fever in Gabon/The Republic of the Congo - Update 10', 'We anticipate one or more cases may develop among these contacts'
'2001_12_31', '2001 - Ebola haemorrhagic fever in Gabon/The Republic of the Congo - Update 10', 'Of the 30 cases; 18 were detected in Gabon and 12 in the\\nneighbouring villages of the Republic of the Congo'
'2001_12_31', '2001 - Ebola haemorrhagic fever in Gabon/The Republic of the Congo - Update 10', 'Of the 30 cases; 18 were detected in Gabon and 12 in the\\nneighbouring villages of the Republic of the Congo'
'2002_03_22', '2002 - Ebola haemorrhagic fever in Gabon/The Republic of the Congo - Update 21', ': On 20 March 2002; the Gabonese Ministry of Health reported 60 confirmed\\ncases; including 50 deaths'
'2002_03_22', '2002 - Ebola haemorrhagic fever in Gabon/The Republic of the Congo - Update 21', 'Suspect cases continue to be investigated'
'2002_03_22', '2002 - Ebola haemorrhagic fever in Gabon/The Republic of the Congo - Update 21', ':\\nAs of 22 March 2002; 32 confirmed\\ncases; including 19 deaths have been reported in villages in\\nCuvette region; Republic of the Congo'
'2002_03_22', '2002 - Ebola haemorrhagic fever in Gabon/The Republic of the Congo - Update 21', ':\\nAs of 22 March 2002; 32 confirmed\\ncases; including 19 deaths have been reported in villages in\\nCuvette region; Republic of the Congo'
'2002_03_14', '2002 - Ebola haemorrhagic fever in Gabon/The Republic of the Congo - Update 20', ': On 12 March 2002; the Gabonese\\nMinistry of Health reported 60 confirmed cases; including 50 deaths'
'2002_03_14', '2002 - Ebola haemorrhagic fever in Gabon/The Republic of the Congo - Update 20', 'The most recent cases\\nare confined to Ogooue-Invindo province'
'2002_03_14', '2002 - Ebola haemorrhagic fever in Gabon/The Republic of the Congo - Update 20', 'The last confirmed cases died in Makokou and\\nMekambo on 23 February and 10 March; respectively'
'2002_03_14', '2002 - Ebola haemorrhagic fever in Gabon/The Republic of the Congo - Update 20', ': As of 9 March 2002;\\n31 confirmed cases; including 18 deaths have been reported in villages in Cuvette region;\\nRepublic of the Congo; close to the border with Ogooue-Invindo province; Gabon'
'2002_03_14', '2002 - Ebola haemorrhagic fever in Gabon/The Republic of the Congo - Update 20', ': As of 9 March 2002;\\n31 confirmed cases; including 18 deaths have been reported in villages in Cuvette region;\\nRepublic of the Congo; close to the border with Ogooue-Invindo province; Gabon'
'2002_03_14', '2002 - Ebola haemorrhagic fever in Gabon/The Republic of the Congo - Update 20', 'Reports were received of deaths between mid-January\\nand 8 March in 3 remote villages approximately 65 kilometres north-west of Kelle'
'2002_03_14', '2002 - Ebola haemorrhagic fever in Gabon/The Republic of the Congo - Update 20', 'The majority of the cases occurred in Ambomi'
'2002_02_21a', '2002 - Ebola haemorrhagic fever in Gabon/ The Republic of the Congo - Update 17', 'On 18\\n    February 2002; the Gabonese Ministry of Health reported 55 confirmed cases; (23 by\\n    laboratory testing; 32 epidemiologically linked); including&nbsp;46 deaths'
'2002_02_21a', '2002 - Ebola haemorrhagic fever in Gabon/ The Republic of the Congo - Update 17', 'As of 15\\n    February 2002; 21 confirmed cases; including 13 deaths have been reported in villages in\\n    the Republic of the Congo; close to the border between the two countries'
'2002_02_21a', '2002 - Ebola haemorrhagic fever in Gabon/ The Republic of the Congo - Update 17', 'As of 15\\n    February 2002; 21 confirmed cases; including 13 deaths have been reported in villages in\\n    the Republic of the Congo; close to the border between the two countries'
'2002_02_07', '2002 - Ebola haemorrhagic fever in Gabon/The Republic of the Congo - Update 16', 'On 5\\n    February 2002; the Gabonese Ministry of Health reported 49 confirmed cases; (19 by\\n    laboratory testing; 30 epidemiologically linked); including&nbsp;42 deaths'
'2002_02_07', '2002 - Ebola haemorrhagic fever in Gabon/The Republic of the Congo - Update 16', 'nbsp; This\\n    increase in confirmed cases largely results from a reclassification of suspect cases\\n    following the availability of laboratory results'
'2002_02_07', '2002 - Ebola haemorrhagic fever in Gabon/The Republic of the Congo - Update 16', 'As of 1 February 2002; 20 confirmed cases; including 12 deaths have been reported\\n    in villages in the Republic of the Congo; close to the border between the two countries'
'2002_02_07', '2002 - Ebola haemorrhagic fever in Gabon/The Republic of the Congo - Update 16', 'As of 1 February 2002; 20 confirmed cases; including 12 deaths have been reported\\n    in villages in the Republic of the Congo; close to the border between the two countries'
'2002_01_24', '2002 - Ebola haemorrhagic fever in Gabon/The Republic of the Congo - Update 15', 'On 20\\n    January 2002; the government of Gabon reported 26 confirmed cases; (10 by laboratory\\n    testing; 16 epidemiologically linked); including&nbsp; 23 deaths'
'2002_01_24', '2002 - Ebola haemorrhagic fever in Gabon/The Republic of the Congo - Update 15', 'nbsp; An additional 22\\n    suspected cases in Gabon are under investigation'
'2002_01_24', '2002 - Ebola haemorrhagic fever in Gabon/The Republic of the Congo - Update 15', 'As of 20 January 2002; 16 confirmed cases; including 11 deaths have been reported\\n    in villages in the Republic of the Congo; close to the border between the two countries'
'2002_01_24', '2002 - Ebola haemorrhagic fever in Gabon/The Republic of the Congo - Update 15', 'As of 20 January 2002; 16 confirmed cases; including 11 deaths have been reported\\n    in villages in the Republic of the Congo; close to the border between the two countries'
'2002_01_09', '2002 - Ebola haemorrhagic fever in Gabon/The Republic of the Congo - Update 14', 'As of 7\\n    January 2002;&nbsp; 34 confirmed cases have been reported; including&nbsp; 25 deaths (18\\n    in Gabon; 7 in the Republic of the Congo)'
'2002_01_09', '2002 - Ebola haemorrhagic fever in Gabon/The Republic of the Congo - Update 14', 'As of 7\\n    January 2002;&nbsp; 34 confirmed cases have been reported; including&nbsp; 25 deaths (18\\n    in Gabon; 7 in the Republic of the Congo)'
'2002_01_09', '2002 - Ebola haemorrhagic fever in Gabon/The Republic of the Congo - Update 14', 'nbsp; Of these 34 confirmed cases; 21 cases\\n    have been detected in Gabon and 13 in villages in the Republic of the Congo; close to the\\n    border between the two countries'
'2002_01_09', '2002 - Ebola haemorrhagic fever in Gabon/The Republic of the Congo - Update 14', 'nbsp; Of these 34 confirmed cases; 21 cases\\n    have been detected in Gabon and 13 in villages in the Republic of the Congo; close to the\\n    border between the two countries'
'2002_01_09', '2002 - Ebola haemorrhagic fever in Gabon/The Republic of the Congo - Update 14', 'There are an\\n    additional 16 suspected cases in Gabon'
'2002_01_07', '2002 - Ebola haemorrhagic fever in Gabon/The Republic of the Congo Update 13', 'As of 6\\n    January 2002;&nbsp; 33 confirmed cases have been reported (15 by laboratory testing; 18\\n    epidemiologically linked); including&nbsp; 24 deaths (17 in Gabon; 7 in the Republic of\\n    the Congo)'
'2002_01_07', '2002 - Ebola haemorrhagic fever in Gabon/The Republic of the Congo Update 13', 'As of 6\\n    January 2002;&nbsp; 33 confirmed cases have been reported (15 by laboratory testing; 18\\n    epidemiologically linked); including&nbsp; 24 deaths (17 in Gabon; 7 in the Republic of\\n    the Congo)'
'2002_01_07', '2002 - Ebola haemorrhagic fever in Gabon/The Republic of the Congo Update 13', 'nbsp; Of these 33 confirmed cases; 20 cases have been detected in Gabon and 13\\n    in villages close to the border between the two countries'
'2002_01_07', '2002 - Ebola haemorrhagic fever in Gabon/The Republic of the Congo Update 13', 'n    An additional 15 suspected cases in Gabon are under investigation'
'2002_01_07', '2002 - Ebola haemorrhagic fever in Gabon/The Republic of the Congo Update 13', 'All contacts (having direct or suspected contact with the blood or\\n    other body fluids of a case) are being closely monitored for signs or symptoms of Ebola\\n    haemorrhagic fever for 21 days'
'2002_01_04', '2002 -Ebola haemorrhagic fever in Gabon/ The Republic of the Congo - Update 12', 'As of 2\\n    January 2002;&nbsp; 32 confirmed cases have been reported (15 by laboratory testing; 17\\n    epidemiologically linked); including&nbsp; 23 deaths (17 in Gabon; 6 in the Republic of\\n    the Congo)'
'2002_01_04', '2002 -Ebola haemorrhagic fever in Gabon/ The Republic of the Congo - Update 12', 'As of 2\\n    January 2002;&nbsp; 32 confirmed cases have been reported (15 by laboratory testing; 17\\n    epidemiologically linked); including&nbsp; 23 deaths (17 in Gabon; 6 in the Republic of\\n    the Congo)'
'2002_01_04', '2002 -Ebola haemorrhagic fever in Gabon/ The Republic of the Congo - Update 12', 'nbsp; Of these 32 confirmed cases; 20 cases have been detected in Gabon and 12\\n    in villages close to the border between the two countries'
'2002_01_04', '2002 -Ebola haemorrhagic fever in Gabon/ The Republic of the Congo - Update 12', 'n    An additional 10 suspected cases (8 in Gabon; 2 in the Republic of the Congo) are under\\n    investigation'
'2002_01_04', '2002 -Ebola haemorrhagic fever in Gabon/ The Republic of the Congo - Update 12', 'n    An additional 10 suspected cases (8 in Gabon; 2 in the Republic of the Congo) are under\\n    investigation'
'2002_01_04', '2002 -Ebola haemorrhagic fever in Gabon/ The Republic of the Congo - Update 12', 'All contacts (having\\n    direct or suspected contact with the blood or other body fluids of a case) are being\\n    closely monitored for signs or symptoms of Ebola haemorrhagic fever for 21 days'
'2002_01_02', '2002 - Ebola haemorrhagic fever in Gabon - Update 11', 'As of 1 January; 2002; 32 confirmed cases (15 laboratory\\nand 17 epidemiologically linked) have been reported; 20 cases have been detected in Gabon\\nand 12 in the neighbouring villages of the Republic of Congo (see map below)'
'2002_01_02', '2002 - Ebola haemorrhagic fever in Gabon - Update 11', 'Among the 32\\nconfirmed cases; there have been 23 deaths; 17 in Gabon and 6 in the Republic of Congo'
'2002_01_02', '2002 - Ebola haemorrhagic fever in Gabon - Update 11', 'An\\nadditional 7 suspected cases in Gabon and 2 suspected cases in the Republic of Congo are\\nunder investigation'
'2001_12_28', '2001 - Ebola haemorrhagic fever in Gabon/The Republic of Congo - Update 9', 'As of 27 December; 29 confirmed cases (12 laboratory and 17\\nepidemiologically linked); including 20 deaths; have been reported'
'2001_12_28', '2001 - Ebola haemorrhagic fever in Gabon/The Republic of Congo - Update 9', 'nbsp; An additional 8\\nsuspected cases are under investigation in Gabon'
'2001_12_28', '2001 - Ebola haemorrhagic fever in Gabon/The Republic of Congo - Update 9', 'All contacts (having direct or suspected\\ncontact with the blood or other body fluids of a case) are being closely monitored for\\nsigns or symptoms of Ebola haemorrhagic fever for 21 days'
'2001_12_28', '2001 - Ebola haemorrhagic fever in Gabon/The Republic of Congo - Update 9', 'We anticipate one or more cases may develop among these contacts'
'2001_12_28', '2001 - Ebola haemorrhagic fever in Gabon/The Republic of Congo - Update 9', 'Of the 29 cases; 17 were detected in Gabon and 12 in the\\nneighbouring villages of the Republic of the Congo'
'2001_12_28', '2001 - Ebola haemorrhagic fever in Gabon/The Republic of Congo - Update 9', 'Of the 29 cases; 17 were detected in Gabon and 12 in the\\nneighbouring villages of the Republic of the Congo'
'2001_12_24', '2001 - Ebola haemorrhagic fever in Gabon - update 8', 'Of the 27 cases; 15 were detected in Gabon and 12 in the\\nneighbouring villages of the Republic of the Congo'
'2001_12_20', '2001 - Ebola haemorrhagic fever in Gabon - Update 7', 'Of the 27 cases; 16 were detected in Gabon and 11 in the\\n    neighbouring villages of the Republic of the Congo (see map below)'
'2000_10_20b', '2000 - Ebola haemorrhagic fever in Uganda- Update 4', 'nbsp; The strain appears to be somewhat less\\nvirulent than the Ebola-Zaire strain; which has caused epidemics in the former Zaire; now\\nDemocratic Republic of Congo; and Gabon with a case-fatality rate of between 70-90%'
